{
  "circuit_name": "晶体管直流偏置电路（戴维宁等效简化电路）",
  "domain": "模拟电子技术基础 / 晶体管放大电路基础",
  "keywords": ["直流偏置", "静态工作点", "戴维宁等效", "晶体管放大", "基极分压"],
  "components": [
    {
      "symbol": "VCC",
      "name": "直流电源",
      "function": "为整个电路提供直流工作电压，同时为输入和输出回路供电。"
    },
    {
      "symbol": "RB1, RB2",
      "name": "基极分压电阻",
      "function": "构成电压分压网络，为晶体管基极提供合适的偏置电压V_BB。"
    },
    {
      "symbol": "RB",
      "name": "等效基极电阻",
      "function": "RB1与RB2的并联等效电阻，是戴维宁等效电路中的内阻。"
    },
    {
      "symbol": "RC",
      "name": "集电极电阻",
      "function": "将集电极电流转换为电压，同时限制集电极电流，影响输出电压摆幅。"
    },
    {
      "symbol": "T",
      "name": "晶体三极管（NPN型）",
      "function": "核心放大元件，工作在放大模式时实现电流放大功能（IC = β × IB）。"
    }
  ],
  "circuit_function": {
    "summary": "为晶体三极管设置合适的静态工作点，使其工作在放大区，为后续交流信号放大提供直流基础。",
    "detailed": "通过一个直流电源VCC同时为晶体管的输入回路和输出回路供电。输入回路由RB1和RB2分压提供基极偏置电压V_BB，输出回路由VCC和RC构成。通过戴维宁定理将输入回路简化为等效电压源V_BB和等效电阻RB，从而计算基极电流IB、集电极电流IC和集电极-发射极电压VCE，验证晶体管是否工作在放大模式。"
  },
  "topology": {
    "type": "共射极放大电路直流偏置拓扑（单电源供电）",
    "flow": "输入回路：VCC → RB1/RB2分压 → 基极-发射极 → 地；输出回路：VCC → RC → 集电极-发射极 → 地",
    "key_equations": [
      "V_BB = V_CC × [R_B2/(R_B1 + R_B2)]",
      "R_B = R_B1 // R_B2 = (R_B1 × R_B2)/(R_B1 + R_B2)",
      "I_B = (V_BB - V_BE(on))/R_B",
      "I_C = β × I_B",
      "V_CE = V_CC - I_C × R_C"
    ]
  },
  "characteristics": {
    "analysis_method": "戴维宁等效简化分析、静态工作点计算",
    "advantages": ["单电源供电，减少电源数量", "电路简洁，便于分析和设计", "通过电阻分压提供稳定偏置", "戴维宁等效简化复杂电路的分析"],
    "disadvantages": ["偏置电压受电源电压和电阻精度影响", "温度变化会影响工作点稳定性", "β值变化会影响集电极电流"]
  },
  "applications": {
    "primary_use": ["晶体管放大电路的直流偏置", "设置静态工作点"],
    "typical_scenarios": ["各类晶体管放大器（音频放大器、射频放大器等）", "模拟电路设计教学", "电子设备中的信号放大级"],
    "variants": ["添加发射极电阻提高稳定性", "使用稳压二极管提供更稳定的偏置", "采用电流源偏置"]
  },
  "precautions": {
    "safety": "直流低压电路，注意正确连接电源极性，防止晶体管因过流损坏。",
    "component_selection": "电阻值选择需确保晶体管工作在放大区（V_CE > V_BE，且V_CE < V_CC），β值应考虑实际器件的离散性。",
    "debugging_tips": "测量静态工作点时，应先确认V_BE ≈ 0.7V（硅管），然后计算验证I_C和V_CE是否合理；若V_CE过小可能饱和，过大可能截止。"
  }
}