{
  "电路名称": "二极管静态工作点分析电路（负载线法图解电路）",
  "所属领域": "模拟电子技术基础 / 半导体二极管及其基本电路",
  "主要功能关键词": ["工作点分析", "图解分析法", "负载线", "非线性电路"],
  "元件清单": [
    {
      "符号": "VDD",
      "名称": "直流电压源",
      "功能": "为整个电路提供能量，设定电路工作的总电压基准。"
    },
    {
      "符号": "D",
      "名称": "晶体二极管",
      "功能": "核心非线性元件，其电流与两端电压的关系由非线性方程 I = f(V) 描述。"
    },
    {
      "符号": "R",
      "名称": "线性电阻",
      "功能": "限流与负载电阻，与电源VDD共同构成管外线性电路，决定负载线。"
    },
    {
      "符号": "K",
      "名称": "开关（可能为电压源Vk0的控制端）",
      "功能": "控制电路的通断或改变输入条件，用于设置不同的分析场景。"
    }
  ],
  "电路功能": {
    "一句话概括": "该电路用于确定非线性元件（二极管）在特定线性电路环境下的实际工作电压(V)与工作电流(I)，即求解其静态工作点（Q点）。",
    "详细描述": "将电路划分为非线性部分（二极管D）和线性部分（电源VDD与电阻R组成的管外电路）。线性部分由负载线方程V = VDD - I*R描述，非线性部分由二极管伏安特性曲线I = f(V)描述。通过将负载线与二极管伏安特性曲线绘制在同一坐标系中，其交点即为电路的静态工作点，这种方法称为负载线法或图解分析法。"
  },
  "电路拓扑": {
    "拓扑形式": "简单串联拓扑",
    "连接关系": "所有元件（电源、二极管、电阻）依次串联，构成一个单一回路。",
    "信号流向": "功率从正极VDD流出，依次经过开关K（控制端）、二极管D、电阻R，最终回到电源VDD负极。"
  },
  "电路特点": {
    "分析方法": "负载线法（图解分析法），将非线性元件与线性网络分离，联立求解。",
    "核心方程": ["负载线方程（线性部分）：V = VDD - I * R", "元件特性方程（非线性部分）：I = f(V)"],
    "优点": ["结构简单，是阐述非线性电路分析方法最直观、最经典的教学模型", "能清晰地展示工作点如何随电源电压VDD和电阻R的变化而移动"],
    "缺点": ["图解分析法精度有限，依赖于特性曲线的准确性", "不适合于复杂电路的系统化计算"]
  },
  "应用场景": {
    "典型应用": ["教学与理解：几乎所有电子学入门课程中，用于首次引入非线性元件分析和负载线概念", "电路设计初步估算：在设计简单的二极管限幅、整流或稳压电路时，可用此方法估算参数范围和元件应力"],
    "常见变种": "将二极管D替换为其他二端非线性器件（如稳压二极管、LED、MOSFET的某个端口），即可用同样的方法分析其工作状态。"
  },
  "特殊注意事项": "这是一个低压、小电流的教学分析模型。在实际搭建实验时，需确保电阻R的阻值足够大，以将二极管电流限制在其安全范围内。另外，理解负载线的斜率由电阻R决定（-1/R），截距由VDD决定，是掌握此分析法的关键。"
}